{"count":1,"self":925.9624448,"total":2464.745313,"children":{"InitializeActuators":{"count":5,"self":0.00093299999999999991,"total":0.00093299999999999991,"children":null},"InitializeSensors":{"count":5,"self":0.000694,"total":0.000694,"children":null},"AgentSendState":{"count":2500168,"self":2.788639,"total":101.572092,"children":{"CollectObservations":{"count":2500170,"self":85.37168,"total":85.371681999999993,"children":null},"WriteActionMask":{"count":2500170,"self":0.431236,"total":0.431236,"children":null},"RequestDecision":{"count":2500170,"self":2.125771,"total":12.980535,"children":{"AgentInfo.ToProto":{"count":2500170,"self":1.939992,"total":10.854764,"children":{"GenerateSensorData":{"count":2500170,"self":8.914772,"total":8.914772,"children":null}}}}}}},"DecideAction":{"count":2500168,"self":1331.624448,"total":1331.6244809999998,"children":null},"AgentAct":{"count":2500168,"self":105.5573312,"total":105.55733,"children":null},"AgentInfo.ToProto":{"count":4930,"self":0.007182,"total":0.026796999999999998,"children":{"GenerateSensorData":{"count":4930,"self":0.019615,"total":0.019615,"children":null}}}},"gauges":{"Sentinel.CumulativeReward":{"count":2958,"max":1.228297,"min":-2.3466723,"runningAverage":0.1939977,"value":-1.0408,"weightedAverage":-0.641811252},"Runner.CumulativeReward":{"count":1972,"max":1.08300006,"min":-1.22463477,"runningAverage":-0.418174624,"value":1.033,"weightedAverage":0.301502347}},"metadata":{"timer_format_version":"0.1.0","start_time_seconds":"1777109873","unity_version":"6000.0.40f1","command_line_arguments":"\/home\/code\/Unity\/Hub\/Editor\/6000.0.40f1\/Editor\/Unity -projectPath \/home\/code\/Labyrinth-Breach\/unity","communication_protocol_version":"1.5.0","com.unity.ml-agents_version":"3.0.0","scene_name":"02_StaticMaze_3v2","end_time_seconds":"1777112338"}}