{"count":1,"self":1539.7523456,"total":1605.138248,"children":{"InitializeActuators":{"count":5,"self":0.00092099999999999994,"total":0.00092099999999999994,"children":null},"InitializeSensors":{"count":5,"self":0.00072899999999999994,"total":0.00072899999999999994,"children":null},"AgentSendState":{"count":80236,"self":0.392744,"total":11.550611,"children":{"CollectObservations":{"count":80240,"self":10.9529632,"total":10.952962999999999,"children":null},"WriteActionMask":{"count":80240,"self":0.060670999999999996,"total":0.060670999999999996,"children":null},"RequestDecision":{"count":80240,"self":0.144233,"total":0.144233,"children":null}}},"DecideAction":{"count":80236,"self":40.4307008,"total":40.4307,"children":null},"AgentAct":{"count":80236,"self":13.4024544,"total":13.402453999999999,"children":null}},"gauges":{"Sentinel.CumulativeReward":{"count":99,"max":1.21226835,"min":-2.43258953,"runningAverage":0.209581614,"value":1.034401,"weightedAverage":0.989526868},"Runner.CumulativeReward":{"count":66,"max":1.08200014,"min":-1.21593487,"runningAverage":-0.418517649,"value":-1.19541323,"weightedAverage":-1.15621448}},"metadata":{"timer_format_version":"0.1.0","start_time_seconds":"1777383619","unity_version":"6000.0.40f1","command_line_arguments":"\/home\/code\/Unity\/Hub\/Editor\/6000.0.40f1\/Editor\/Unity -projectPath \/home\/code\/Labyrinth-Breach\/unity","communication_protocol_version":"1.5.0","com.unity.ml-agents_version":"3.0.0","scene_name":"03_DynamicMaze_3v2","end_time_seconds":"1777385224"}}