{"count":1,"self":483.077632,"total":2022.1796399999998,"children":{"InitializeActuators":{"count":5,"self":0.000937,"total":0.000937,"children":null},"InitializeSensors":{"count":5,"self":0.00070599999999999992,"total":0.00070599999999999992,"children":null},"AgentSendState":{"count":2500651,"self":2.700034,"total":104.061374,"children":{"CollectObservations":{"count":2500655,"self":88.2814464,"total":88.281448,"children":null},"WriteActionMask":{"count":2500655,"self":0.42596599999999996,"total":0.42596599999999996,"children":null},"RequestDecision":{"count":2500655,"self":2.108412,"total":12.653926,"children":{"AgentInfo.ToProto":{"count":2500655,"self":1.739787,"total":10.545513999999999,"children":{"GenerateSensorData":{"count":2500655,"self":8.8057272,"total":8.805727,"children":null}}}}}}},"DecideAction":{"count":2500651,"self":1327.3704447999999,"total":1327.37041,"children":null},"AgentAct":{"count":2500651,"self":107.64416,"total":107.644166,"children":null},"AgentInfo.ToProto":{"count":4470,"self":0.005998,"total":0.023889999999999998,"children":{"GenerateSensorData":{"count":4470,"self":0.017891999999999998,"total":0.017891999999999998,"children":null}}}},"gauges":{"Sentinel.CumulativeReward":{"count":2682,"max":1.23096025,"min":-2.57901621,"runningAverage":0.278032,"value":1.1015662,"weightedAverage":0.7209187},"Runner.CumulativeReward":{"count":1788,"max":1.09700012,"min":-1.222812,"runningAverage":-0.529519141,"value":-1.19153965,"weightedAverage":-0.779112}},"metadata":{"timer_format_version":"0.1.0","start_time_seconds":"1777281710","unity_version":"6000.0.40f1","command_line_arguments":"\/home\/code\/Unity\/Hub\/Editor\/6000.0.40f1\/Editor\/Unity -projectPath \/home\/code\/Labyrinth-Breach\/unity","communication_protocol_version":"1.5.0","com.unity.ml-agents_version":"3.0.0","scene_name":"03_DynamicMaze_3v2","end_time_seconds":"1777283732"}}