{"count":1,"self":286.1984768,"total":299.226784,"children":{"InitializeActuators":{"count":5,"self":0.00093299999999999991,"total":0.00093299999999999991,"children":null},"InitializeSensors":{"count":5,"self":0.00075,"total":0.00075,"children":null},"AgentSendState":{"count":14939,"self":0.076736,"total":2.299263,"children":{"CollectObservations":{"count":14940,"self":2.1762509999999997,"total":2.1762509999999997,"children":null},"WriteActionMask":{"count":14940,"self":0.012201,"total":0.012201,"children":null},"RequestDecision":{"count":14940,"self":0.034075,"total":0.034075,"children":null}}},"DecideAction":{"count":14939,"self":7.9947664,"total":7.9947659999999994,"children":null},"AgentAct":{"count":14939,"self":2.7321359999999997,"total":2.7321359999999997,"children":null}},"gauges":{"Sentinel.CumulativeReward":{"count":51,"max":1.195942,"min":-1.01899445,"runningAverage":0.324488133,"value":1.11381459,"weightedAverage":0.73412},"Runner.CumulativeReward":{"count":34,"max":1.01390672,"min":-1.20349991,"runningAverage":-0.429249436,"value":-1.19634044,"weightedAverage":-0.6620288}},"metadata":{"timer_format_version":"0.1.0","start_time_seconds":"1777363823","unity_version":"6000.0.40f1","command_line_arguments":"\/home\/code\/Unity\/Hub\/Editor\/6000.0.40f1\/Editor\/Unity -projectPath \/home\/code\/Labyrinth-Breach\/unity","communication_protocol_version":"1.5.0","com.unity.ml-agents_version":"3.0.0","scene_name":"04_Eval_UnseenMaze_3v2","end_time_seconds":"1777364123"}}